RegionName,Year,AvgMonthlyRent
San Jose,2015,2431.819966
San Jose,2016,2535.188438
San Jose,2017,2609.806461
San Jose,2018,2706.051017
San Jose,2019,2769.13036
San Jose,2020,2732.637594
San Jose,2021,2708.851817
San Jose,2022,2947.130844
San Jose,2023,3002.931694
San Jose,2024,3091.295197
San Jose,2025,3198.83757
San Jose,2026,3255.460137
San Francisco,2015,3193.471637
San Francisco,2016,3251.025351
San Francisco,2017,3251.920114
San Francisco,2018,3353.40655
San Francisco,2019,3442.702473
San Francisco,2020,3250.972297
San Francisco,2021,3044.197168
San Francisco,2022,3267.921217
San Francisco,2023,3271.851667
San Francisco,2024,3309.321768
San Francisco,2025,3586.18122
San Francisco,2026,3877.113785
Oakland,2015,1915.94193
Oakland,2016,2135.978097
Oakland,2017,2275.376283
Oakland,2018,2370.014899
Oakland,2019,2454.7968
Oakland,2020,2430.898389
Oakland,2021,2367.15356
Oakland,2022,2476.576038
Oakland,2023,2450.23738
Oakland,2024,2383.624909
Oakland,2025,2461.397386
Oakland,2026,2524.082902
Fremont,2015,2293.894668
Fremont,2016,2434.527495
Fremont,2017,2513.051618
Fremont,2018,2575.213734
Fremont,2019,2611.848328
Fremont,2020,2610.59178
Fremont,2021,2630.734693
Fremont,2022,2844.263573
Fremont,2023,2883.976192
Fremont,2024,2922.648724
Fremont,2025,3004.838431
Fremont,2026,3038.119809
Hayward,2015,1761.399829
Hayward,2016,1938.977677
Hayward,2017,2049.874622
Hayward,2018,2147.797279
Hayward,2019,2213.138559
Hayward,2020,2247.979874
Hayward,2021,2284.976147
Hayward,2022,2421.287401
Hayward,2023,2467.272082
Hayward,2024,2497.25566
Hayward,2025,2544.109516
Hayward,2026,2553.211563
Sunnyvale,2015,2729.900967
Sunnyvale,2016,2784.430228
Sunnyvale,2017,2875.49628
Sunnyvale,2018,3008.563525
Sunnyvale,2019,3092.74227
Sunnyvale,2020,2989.949049
Sunnyvale,2021,2872.695483
Sunnyvale,2022,3161.005247
Sunnyvale,2023,3179.9673
Sunnyvale,2024,3292.420855
Sunnyvale,2025,3461.289536
Sunnyvale,2026,3535.583371
Concord,2015,1613.793785
Concord,2016,1752.575271
Concord,2017,1858.871421
Concord,2018,1944.697434
Concord,2019,2034.025072
Concord,2020,2082.23763
Concord,2021,2183.395589
Concord,2022,2315.388987
Concord,2023,2359.277085
Concord,2024,2433.12946
Concord,2025,2494.740036
Concord,2026,2495.712624
Santa Clara,2015,2671.493185
Santa Clara,2016,2805.891822
Santa Clara,2017,2861.678709
Santa Clara,2018,2954.718433
Santa Clara,2019,3042.82452
Santa Clara,2020,2984.670187
Santa Clara,2021,2901.806282
Santa Clara,2022,3188.634873
Santa Clara,2023,3269.704083
Santa Clara,2024,3380.280997
Santa Clara,2025,3501.601673
Santa Clara,2026,3615.088656
Richmond,2016,1856.666888
Richmond,2017,2014.440848
Richmond,2018,2137.865448
Richmond,2019,2225.592846
Richmond,2020,2247.023026
Richmond,2021,2321.651066
Richmond,2022,2423.360072
Richmond,2023,2451.872058
Richmond,2024,2510.212482
Richmond,2025,2534.025315
Richmond,2026,2529.263437
Berkeley,2016,2631.726171
Berkeley,2017,2702.077585
Berkeley,2018,2757.315885
Berkeley,2019,2800.468225
Berkeley,2020,2779.590343
Berkeley,2021,2780.977261
Berkeley,2022,2939.087918
Berkeley,2023,2961.406028
Berkeley,2024,2965.921948
Berkeley,2025,3029.024863
Berkeley,2026,3072.469818
Antioch,2015,1629.038857
Antioch,2016,1774.666274
Antioch,2017,1903.627803
Antioch,2018,2053.286811
Antioch,2019,2154.752818
Antioch,2020,2256.801675
Antioch,2021,2451.781068
Antioch,2022,2573.662128
Antioch,2023,2645.593268
Antioch,2024,2726.757153
Antioch,2025,2774.034576
Antioch,2026,2800.268981
San Leandro,2017,1968.195116
San Leandro,2018,2007.655824
San Leandro,2019,2089.653167
San Leandro,2020,2128.98446
San Leandro,2021,2149.908318
San Leandro,2022,2279.182056
San Leandro,2023,2348.484052
San Leandro,2024,2365.140391
San Leandro,2025,2398.281937
San Leandro,2026,2425.467602
San Mateo,2015,2673.434584
San Mateo,2016,2771.127805
San Mateo,2017,2868.287014
San Mateo,2018,2961.326584
San Mateo,2019,3052.862487
San Mateo,2020,2992.780688
San Mateo,2021,2877.071833
San Mateo,2022,3116.153892
San Mateo,2023,3134.576141
San Mateo,2024,3224.723587
San Mateo,2025,3420.864066
San Mateo,2026,3467.519344
Daly City,2017,2275.62256
Daly City,2018,2311.325964
Daly City,2019,2371.074033
Daly City,2020,2370.963485
Daly City,2021,2322.742377
Daly City,2022,2479.067523
Daly City,2023,2546.349236
Daly City,2024,2567.920693
Daly City,2025,2640.02797
Daly City,2026,2721.002436
Redwood City,2015,2878.880723
Redwood City,2016,3011.359057
Redwood City,2017,3086.681825
Redwood City,2018,3186.461881
Redwood City,2019,3314.527682
Redwood City,2020,3227.502058
Redwood City,2021,3115.332757
Redwood City,2022,3347.405126
Redwood City,2023,3360.627381
Redwood City,2024,3457.759933
Redwood City,2025,3635.46877
Redwood City,2026,3699.223418
Livermore,2015,2183.45232
Livermore,2016,2290.487185
Livermore,2017,2384.836178
Livermore,2018,2471.276975
Livermore,2019,2515.427309
Livermore,2020,2531.974101
Livermore,2021,2631.975571
Livermore,2022,2796.433285
Livermore,2023,2837.474646
Livermore,2024,2855.108587
Livermore,2025,2922.108271
Livermore,2026,2894.43088
Pittsburg,2015,1396.197911
Pittsburg,2016,1521.01088
Pittsburg,2017,1648.18585
Pittsburg,2018,1751.760066
Pittsburg,2019,1890.069536
Pittsburg,2020,1984.635572
Pittsburg,2021,2100.533372
Pittsburg,2022,2236.711811
Pittsburg,2023,2319.301344
Pittsburg,2024,2368.830285
Pittsburg,2025,2408.955652
Pittsburg,2026,2406.507972
Walnut Creek,2015,2049.507639
Walnut Creek,2016,2166.175876
Walnut Creek,2017,2233.968203
Walnut Creek,2018,2317.890384
Walnut Creek,2019,2369.88929
Walnut Creek,2020,2389.243096
Walnut Creek,2021,2431.097416
Walnut Creek,2022,2585.970978
Walnut Creek,2023,2573.403323
Walnut Creek,2024,2638.604687
Walnut Creek,2025,2681.30029
Walnut Creek,2026,2738.964203
San Ramon,2015,2169.436652
San Ramon,2016,2256.127356
San Ramon,2017,2311.155526
San Ramon,2018,2370.004925
San Ramon,2019,2395.274316
San Ramon,2020,2415.815638
San Ramon,2021,2522.25159
San Ramon,2022,2692.746032
San Ramon,2023,2726.658262
San Ramon,2024,2777.019591
San Ramon,2025,2805.158956
San Ramon,2026,2822.250258
Mountain View,2015,3246.138779
Mountain View,2016,3289.86206
Mountain View,2017,3331.028482
Mountain View,2018,3465.537471
Mountain View,2019,3602.310784
Mountain View,2020,3459.310936
Mountain View,2021,3310.204435
Mountain View,2022,3642.447167
Mountain View,2023,3691.292557
Mountain View,2024,3773.499867
Mountain View,2025,3929.859304
Mountain View,2026,4045.975078
Milpitas,2016,2564.952537
Milpitas,2017,2671.196347
Milpitas,2018,2743.447687
Milpitas,2019,2788.325366
Milpitas,2020,2790.326117
Milpitas,2021,2814.262311
Milpitas,2022,3074.127592
Milpitas,2023,3122.681777
Milpitas,2024,3191.793605
Milpitas,2025,3267.244047
Milpitas,2026,3353.252739
Pleasanton,2016,2406.529746
Pleasanton,2017,2432.302307
Pleasanton,2018,2492.493273
Pleasanton,2019,2526.199628
Pleasanton,2020,2550.816401
Pleasanton,2021,2621.409151
Pleasanton,2022,2806.130708
Pleasanton,2023,2817.582803
Pleasanton,2024,2858.144699
Pleasanton,2025,2908.035756
Pleasanton,2026,2942.876222
Brentwood,2015,1772.497322
Brentwood,2016,1916.469486
Brentwood,2017,2037.635725
Brentwood,2018,2124.747065
Brentwood,2019,2191.773188
Brentwood,2020,2282.771878
Brentwood,2021,2715.107544
Brentwood,2022,2868.714049
Brentwood,2023,2863.341909
Brentwood,2024,3081.078786
Brentwood,2025,3152.893076
Brentwood,2026,3218.011403
San Rafael,2016,2283.489153
San Rafael,2017,2380.404842
San Rafael,2018,2466.651411
San Rafael,2019,2522.920876
San Rafael,2020,2561.664523
San Rafael,2021,2628.912321
San Rafael,2022,2849.843502
San Rafael,2023,2874.048343
San Rafael,2024,2948.0852
San Rafael,2025,3042.191131
San Rafael,2026,3024.23158
Palo Alto,2015,3344.827058
Palo Alto,2016,3317.798501
Palo Alto,2017,3388.108813
Palo Alto,2018,3478.946627
Palo Alto,2019,3560.218064
Palo Alto,2020,3458.241974
Palo Alto,2021,3375.461096
Palo Alto,2022,3610.932662
Palo Alto,2023,3694.129966
Palo Alto,2024,3774.176828
Palo Alto,2025,3948.966903
Palo Alto,2026,4033.511833
Alameda,2016,2189.155354
Alameda,2017,2276.785573
Alameda,2018,2372.786572
Alameda,2019,2441.686977
Alameda,2020,2460.30187
Alameda,2021,2502.299514
Alameda,2022,2622.801331
Alameda,2023,2665.109841
Alameda,2024,2690.899453
Alameda,2025,2729.420594
Alameda,2026,2777.733346
Union City,2017,2111.474533
Union City,2018,2206.335634
Union City,2019,2222.049006
Union City,2020,2253.753229
Union City,2021,2290.889203
Union City,2022,2461.707421
Union City,2023,2497.92568
Union City,2024,2518.399335
Union City,2025,2589.909812
Union City,2026,2600.528264
Gilroy,2023,2609.992039
Gilroy,2024,2683.116557
Gilroy,2025,2741.820083
Gilroy,2026,2814.814649
South San Francisco,2018,3101.217257
South San Francisco,2019,3127.106079
South San Francisco,2020,3130.890809
South San Francisco,2021,3063.777015
South San Francisco,2022,3280.128589
South San Francisco,2023,3312.367654
South San Francisco,2024,3387.322817
South San Francisco,2025,3483.561813
South San Francisco,2026,3586.412652
Dublin,2016,2527.602706
Dublin,2017,2581.56046
Dublin,2018,2663.865195
Dublin,2019,2687.731557
Dublin,2020,2668.368096
Dublin,2021,2772.364231
Dublin,2022,2921.394001
Dublin,2023,2946.341329
Dublin,2024,2978.756915
Dublin,2025,3054.72035
Dublin,2026,3057.004966
Novato,2019,2932.172475
Novato,2020,2967.789162
Novato,2021,3114.785864
Novato,2022,3336.91352
Novato,2023,3405.640623
Novato,2024,3588.16492
Novato,2025,3709.639782
Novato,2026,3710.225109
Danville,2016,3148.587492
Danville,2017,3241.541868
Danville,2018,3297.074321
Danville,2019,3418.51827
Danville,2020,3468.322791
Danville,2021,3721.225946
Danville,2022,3906.84606
Danville,2023,4016.828538
Danville,2024,4130.901588
Danville,2025,4258.81117
Danville,2026,4309.639805
Cupertino,2017,3060.169656
Cupertino,2018,3149.53061
Cupertino,2019,3221.33471
Cupertino,2020,3159.259089
Cupertino,2021,3113.767389
Cupertino,2022,3452.728884
Cupertino,2023,3533.700365
Cupertino,2024,3616.420918
Cupertino,2025,3798.958348
Cupertino,2026,3920.954481
Castro Valley,2019,2264.568785
Castro Valley,2020,2306.863106
Castro Valley,2021,2353.389333
Castro Valley,2022,2439.378797
Castro Valley,2023,2532.338481
Castro Valley,2024,2579.415373
Castro Valley,2025,2637.44707
Castro Valley,2026,2711.068887
Hollister,2022,2562.387897
Hollister,2023,2590.179301
Hollister,2024,2705.763532
Hollister,2025,2785.239005
Hollister,2026,2856.527778
Morgan Hill,2020,2831.739584
Morgan Hill,2021,2956.898538
Morgan Hill,2022,3149.250038
Morgan Hill,2023,3263.179186
Morgan Hill,2024,3387.623684
Morgan Hill,2025,3486.05378
Morgan Hill,2026,3573.865485
Martinez,2018,1760.256764
Martinez,2019,1816.753441
Martinez,2020,1912.577393
Martinez,2021,2012.85849
Martinez,2022,2169.092997
Martinez,2023,2219.268182
Martinez,2024,2291.700156
Martinez,2025,2360.400223
Martinez,2026,2408.287033
Newark,2018,2938.956169
Newark,2019,2972.979716
Newark,2020,2995.905907
Newark,2021,3001.05959
Newark,2022,3205.129951
Newark,2023,3323.935314
Newark,2024,3386.823791
Newark,2025,3472.624381
Newark,2026,3470.674582
San Pablo,2025,2067.295466
San Pablo,2026,2125.03598
Campbell,2017,2440.717651
Campbell,2018,2526.85514
Campbell,2019,2601.238253
Campbell,2020,2573.612303
Campbell,2021,2562.267355
Campbell,2022,2751.575644
Campbell,2023,2840.738569
Campbell,2024,2919.671767
Campbell,2025,2988.798387
Campbell,2026,3027.870169
Los Gatos,2016,2735.564218
Los Gatos,2017,2737.65347
Los Gatos,2018,2864.012658
Los Gatos,2019,2974.642647
Los Gatos,2020,2931.312486
Los Gatos,2021,2952.162761
Los Gatos,2022,3170.024314
Los Gatos,2023,3310.736816
Los Gatos,2024,3394.592925
Los Gatos,2025,3599.035332
Los Gatos,2026,3712.792106
San Bruno,2019,2821.368184
San Bruno,2020,2772.025161
San Bruno,2021,2660.470143
San Bruno,2022,2827.72081
San Bruno,2023,2885.822638
San Bruno,2024,2961.233032
San Bruno,2025,3079.526097
San Bruno,2026,3144.294
Menlo Park,2016,3213.935289
Menlo Park,2017,3205.922779
Menlo Park,2018,3317.161191
Menlo Park,2019,3449.1099
Menlo Park,2020,3373.290069
Menlo Park,2021,3264.930669
Menlo Park,2022,3501.971405
Menlo Park,2023,3531.582159
Menlo Park,2024,3718.587638
Menlo Park,2025,3903.40378
Menlo Park,2026,3913.547038
Oakley,2023,3025.633255
Oakley,2024,3112.787819
Oakley,2025,3143.57975
Oakley,2026,3208.506844
Pacifica,2019,3005.797942
Pacifica,2020,2986.704639
Pacifica,2021,2925.845805
Pacifica,2022,3101.558361
Pacifica,2023,3140.817572
Pacifica,2024,3198.407403
Pacifica,2025,3349.928785
Pacifica,2026,3482.21474
Pleasant Hill,2017,2083.732691
Pleasant Hill,2018,2135.807119
Pleasant Hill,2019,2213.116814
Pleasant Hill,2020,2273.609956
Pleasant Hill,2021,2388.391093
Pleasant Hill,2022,2528.557072
Pleasant Hill,2023,2544.425714
Pleasant Hill,2024,2617.262049
Pleasant Hill,2025,2699.459408
Pleasant Hill,2026,2701.481176
Los Altos,2019,5432.560572
Los Altos,2020,5369.007255
Los Altos,2021,5377.86926
Los Altos,2022,5773.237042
Los Altos,2023,5947.36505
Los Altos,2024,6238.259034
Los Altos,2025,6460.175244
Los Altos,2026,6684.242013
Foster City,2017,3090.419864
Foster City,2018,3117.41366
Foster City,2019,3257.251506
Foster City,2020,3179.528653
Foster City,2021,3101.528027
Foster City,2022,3421.390815
Foster City,2023,3473.772957
Foster City,2024,3566.972124
Foster City,2025,3739.540956
Foster City,2026,3817.655578
Saratoga,2020,4845.236086
Saratoga,2021,4965.03447
Saratoga,2022,5244.866258
Saratoga,2023,5461.943583
Saratoga,2024,5846.48388
Saratoga,2025,6012.499158
Saratoga,2026,5972.127991
Burlingame,2017,2830.07683
Burlingame,2018,2899.913451
Burlingame,2019,3039.197086
Burlingame,2020,3017.321246
Burlingame,2021,2898.344134
Burlingame,2022,3130.976093
Burlingame,2023,3183.621624
Burlingame,2024,3310.632935
Burlingame,2025,3481.128488
Burlingame,2026,3519.417167
San Carlos,2018,3100.039892
San Carlos,2019,3217.860501
San Carlos,2020,3191.32568
San Carlos,2021,3100.744547
San Carlos,2022,3335.97285
San Carlos,2023,3400.165883
San Carlos,2024,3521.168253
San Carlos,2025,3722.684167
San Carlos,2026,3833.566504
San Lorenzo,2026,2252.998924
Mill Valley,2019,2742.721329
Mill Valley,2020,2801.23065
Mill Valley,2021,2989.346514
Mill Valley,2022,3160.045972
Mill Valley,2023,3227.009956
Mill Valley,2024,3398.716856
Mill Valley,2025,3539.491674
Mill Valley,2026,3648.203295
Lafayette,2019,2763.626778
Lafayette,2020,2810.162471
Lafayette,2021,2959.84582
Lafayette,2022,3088.451443
Lafayette,2023,3039.646638
Lafayette,2024,3159.828416
Lafayette,2025,3218.486855
Lafayette,2026,3234.678719
Belmont,2018,2526.858838
Belmont,2019,2619.287674
Belmont,2020,2639.814243
Belmont,2021,2491.18312
Belmont,2022,2724.106617
Belmont,2023,2782.237332
Belmont,2024,2872.251167
Belmont,2025,3014.010385
Belmont,2026,3084.295779
East Palo Alto,2026,3947.5
El Cerrito,2021,2276.461184
El Cerrito,2022,2400.419151
El Cerrito,2023,2413.590292
El Cerrito,2024,2488.057522
El Cerrito,2025,2522.73011
El Cerrito,2026,2544.288427
Hercules,2021,2607.526239
Hercules,2022,2760.439661
Hercules,2023,2715.480328
Hercules,2024,2747.870893
Hercules,2025,2855.766665
Hercules,2026,2892.530922
Millbrae,2019,3107.369519
Millbrae,2020,3152.796399
Millbrae,2021,3096.332269
Millbrae,2022,3280.738693
Millbrae,2023,3478.459162
Millbrae,2024,3496.522061
Millbrae,2025,3594.403949
Millbrae,2026,3793.956234
Albany,2022,2558.649226
Albany,2023,2651.965348
Albany,2024,2643.055998
Albany,2025,2709.905113
Albany,2026,2762.687001
Half Moon Bay,2026,3916.666667
Moraga,2026,3925
San Anselmo,2026,3148.441556
Sausalito,2018,2983.207556
Sausalito,2019,3116.060994
Sausalito,2020,3237.396227
Sausalito,2021,3354.74567
Sausalito,2022,3522.938725
Sausalito,2023,3645.438066
Sausalito,2024,3762.886316
Sausalito,2025,3945.972496
Sausalito,2026,4062.476848
Emeryville,2019,2888.807305
Emeryville,2020,2766.584565
Emeryville,2021,2716.489367
Emeryville,2022,2887.601683
Emeryville,2023,2839.892159
Emeryville,2024,2781.016012
Emeryville,2025,2809.43455
Emeryville,2026,2874.181263
El Sobrante,2025,2280.995664
El Sobrante,2026,2335.68408
Corte Madera,2025,4759.352559
Corte Madera,2026,4872.72584
Tiburon,2025,4716.187811
Tiburon,2026,5041.205549
Fairfax,2026,3071.993232
Los Altos Hills,2026,15797.5
Larkspur,2023,3161.722487
Larkspur,2024,3226.104532
Larkspur,2025,3387.013051
Larkspur,2026,3498.841379
Brisbane,2026,3696.800215